biome	sample	h	DateTime	Station	LatN	LonE	Feature	DepthFrom	DepthTo	SizeFrx	Run	Depth	Date	RadiansDate	Vernality	Wintriness	Location	hc	ssu.cnt	ssu.cov
_tara	ERR1701760	4.99979491000519	2010-03-18T11:33	TARA_039	18.5839	66.4727	deep chlorophyll maximum layer (ENVO:xxxxxxxx)	23	27	1.6-20 um	ERR1701760	25	2010-03-18	1.36135681655558	0.978147600733806	0.207911690817759	Indian Ocean	5.16921244580594	48216	0.634538152610442
_tara	ERR598942	6.07470555600862	2011-10-19T00:09	TARA_133	35.4002	-127.7499	deep chlorophyll maximum layer (ENVO:xxxxxxxx)	43	47	0.22-3 um	ERR598942	45	2011-10-19	5.04400153826361	-0.945518575599317	0.325568154457156	North Pacific Ocean	6.20078118595889	92197	0.637877853177051
_tara	ERR598943	5.75548635458488	2011-04-21T20:07	TARA_102	-5.2529	-85.1545	surface water layer (ENVO:00002042)	3	7	0.22-3 um	ERR598943	5	2011-04-21	1.93731546971371	-0.933580426497202	0.3583679495453	South Pacific Ocean	5.92919502917745	32531	0.600744284954811
_tara	ERR598944	6.131057606883	2012-03-19T14:59:48	TARA_152	43.7182	-16.8714	mesopelagic zone (ENVO:00000213)	790	808	0.22-3 um	ERR598944	799	2012-03-19	1.37881010907552	0.981627183447664	0.190808995376545	North Atlantic Ocean	6.28054433665229	104319	0.593765221626887
_tara	ERR598945	5.10252556986335	2011-01-03T11:05	TARA_084	-60.2287	-60.6476	surface water layer (ENVO:00002042)	3	7	0.22-3 um	ERR598945	5	2011-01-03	0.0523598775598299	-0.0523359562429439	-0.998629534754574	Southern Ocean	5.26803715148901	24116	0.590371621621622
_tara	ERR598946	6.02606684162376	2011-04-16T13:03:08	TARA_100	-12.9794	-96.0232	mesopelagic zone (ENVO:00000213) and marine oxygen minimum zone (ENVO:01000065)	174	180	0.22-3 um	ERR598946	177	2011-04-16	1.85004900711399	-0.961261695938319	0.275637355816999	South Pacific Ocean	6.1667607833429	65025	0.618101545253863
_tara	ERR598947	6.06125858239019	2010-09-13T13:02:33	TARA_068	-31.0198	4.6685	mesopelagic zone (ENVO:00000213)	696	705	0.22-3 um	ERR598947	700.5	2010-09-13	4.41568300754565	0.956304755963035	0.292371704722737	Indian Ocean	6.20205498302097	88504	0.593170444509862
_tara	ERR598948	6.15960203822283	2011-07-28T17:15:56	TARA_122	-9.0063	-139.1394	deep chlorophyll maximum layer (ENVO:xxxxxxxx)	115	115	0.22-3 um	ERR598948	115	2011-07-28	3.63028484414821	0.469471562785891	0.882947592858927	South Pacific Ocean	6.28715768049136	96934	0.620560207912215
_tara	ERR598949	5.36544643807855	2010-03-15T11:18	TARA_038	19.0284	64.5126	deep chlorophyll maximum layer (ENVO:xxxxxxxx)	23	27	0.22-1.6 um	ERR598949	25	2010-03-15	1.30899693899575	0.965925826289068	0.258819045102521	Indian Ocean	5.55433232208521	16950	0.626392459297344
_tara	ERR598950	5.97357583243718	2009-09-15T18:00	TARA_004	36.5533	-6.5669	deep chlorophyll maximum layer (ENVO:xxxxxxxx)	38	42	0.22-1.6 um	ERR598950	40	2009-09-15	4.45058959258554	-0.965925826289068	-0.258819045102521	Mediterranean Sea	6.14964381261104	23439	0.624777711914641
_tara	ERR598952	5.76025897634715	2011-05-12T22:15	TARA_109	2.0299	-84.5546	deep chlorophyll maximum layer (ENVO:xxxxxxxx)	28	32	0.22-3 um	ERR598952	30	2011-05-12	2.30383461263252	0.743144825477394	-0.669130606358858	North Pacific Ocean	5.97148157335157	15498	0.591982820329277
_tara	ERR598953	5.99215085546428	2011-04-16T13:03:08	TARA_100	-12.9794	-96.0232	mesopelagic zone (ENVO:00000213) and marine oxygen minimum zone (ENVO:01000065)	174	180	0.22-3 um	ERR598953	177	2011-04-16	1.85004900711399	-0.961261695938319	0.275637355816999	South Pacific Ocean	6.18799284679871	25823	0.570910973084886
_tara	ERR598954	5.48403392051429	2011-06-14T16:45	TARA_112	-23.2811	-129.3947	surface water layer (ENVO:00002042)	3	7	0.22-3 um	ERR598954	5	2011-06-14	2.8623399732707	-0.275637355816999	0.961261695938319	South Pacific Ocean	5.59450720716058	120480	0.611895161290323
_tara	ERR598955	5.73361617449737	2009-09-15T11:30	TARA_004	36.5533	-6.5669	surface water layer (ENVO:00002042)	3	7	0.22-1.6 um	ERR598955	5	2009-09-15	4.45058959258554	-0.965925826289068	-0.258819045102521	Mediterranean Sea	5.83474608935041	131344	0.657534246575342
_tara	ERR598956	6.063036991575	2011-08-01T17:52:45	TARA_123	-8.9109	-140.2845	marine epipelagic mixed layer (ENVO:xxxxxxxxx)	150	150	0.22-3 um	ERR598956	150	2011-08-01	3.68264472170804	0.515038074910054	0.857167300702112	South Pacific Ocean	6.28636128856647	27580	0.546044098573282
_tara	ERR598957	5.81530199713611	2011-06-15T00:55:48	TARA_112	-23.2189	-129.4997	deep chlorophyll maximum layer (ENVO:xxxxxxxx)	151	160	0.22-3 um	ERR598957	155.5	2011-06-15	2.87979326579064	-0.258819045102521	0.965925826289068	South Pacific Ocean	5.94125058096817	107171	0.623205741626794
_tara	ERR598958	6.28813555232103	2012-02-27T15:28:31	TARA_148b	34.1504	-56.9684	mesopelagic zone (ENVO:00000213)	240	258	0.22-3 um	ERR598958	249	2012-02-27	0.994837673636768	0.838670567945424	0.544639035015027	North Atlantic Ocean	6.45751168515895	84421	0.592619392185239
_tara	ERR598960	6.18190040457893	2010-07-12T06:46:23	TARA_065	-35.1889	26.2905	mesopelagic zone (ENVO:00000213)	800	900	0.22-3 um	ERR598960	850	2010-07-12	3.35103216382911	0.207911690817759	0.978147600733806	Indian Ocean	6.34481639470593	100326	0.58203125
_tara	ERR598961	5.85754028710715	2011-05-31T20:28:10	TARA_111	-16.9587	-100.6751	deep chlorophyll maximum layer (ENVO:xxxxxxxx)	86	95	0.22-3 um	ERR598961	90.5	2011-05-31	2.63544717051144	-0.484809620246337	0.874619707139396	South Pacific Ocean	5.96237214402894	123321	0.611181301326595
_tara	ERR598963	5.98577608929456	2012-03-01T10:48	TARA_149	34.1132	-49.9181	surface water layer (ENVO:00002042)	3	7	0.22-3 um	ERR598963	5	2012-03-01	1.06465084371654	0.874619707139396	0.484809620246337	North Atlantic Ocean	6.08650056399162	112465	0.634081017743555
_tara	ERR598964	6.10027759603274	2012-03-01T18:50:26	TARA_149	34.0771	-49.8233	mesopelagic zone (ENVO:00000213)	732	750	0.22-3 um	ERR598964	741	2012-03-01	1.06465084371654	0.874619707139396	0.484809620246337	North Atlantic Ocean	6.25518756439123	101972	0.572850898494415
_tara	ERR598965	5.60331077892234	2011-03-12T19:36:38	TARA_093	-33.9116	-73.0537	deep chlorophyll maximum layer (ENVO:xxxxxxxx)	35	35	0.22-3 um	ERR598965	35	2011-03-12	1.25663706143592	-0.951056516295154	-0.309016994374947	South Pacific Ocean	5.70656779160873	194208	0.642042755344418
_tara	ERR598966	5.43604681453708	2010-03-12T06:06	TARA_036	20.8183	63.5047	surface water layer (ENVO:00002042)	3	7	0.22-1.6 um	ERR598966	5	2010-03-12	1.25663706143592	0.951056516295154	0.309016994374947	Indian Ocean	5.59556574501242	27064	0.60773085182534
_tara	ERR598967	5.30227314172725	2011-03-24T13:00	TARA_096	-29.7238	-101.1604	surface water layer (ENVO:00002042)	3	7	0.22-3 um	ERR598967	5	2011-03-24	1.46607657167524	-0.994521895368273	-0.104528463267653	South Pacific Ocean	5.38413919026118	138741	0.644573322286661
_tara	ERR598968	5.97686377956853	2012-02-15T12:54	TARA_146	34.6712	-71.3093	surface water layer (ENVO:00002042)	3	7	0.22-3 um	ERR598968	5	2012-02-15	0.785398163397448	0.707106781186547	0.707106781186548	North Atlantic Ocean	6.0850888185761	110330	0.620910840282232
_tara	ERR598970	5.36643307883356	2010-07-07T04:48	TARA_064	-29.5019	37.9889	surface water layer (ENVO:00002042)	3	7	0.22-3 um	ERR598970	5	2010-07-07	3.2637657012294	0.121869343405147	0.992546151641322	Indian Ocean	5.52855182753327	25518	0.63360473723168
_tara	ERR598971	6.08492644484306	2011-05-13T16:08:58	TARA_109	2.0649	-84.5546	mesopelagic zone (ENVO:00000213)	380	380	0.22-3 um	ERR598971	380	2011-05-13	2.32128790515246	0.731353701619171	-0.681998360062498	North Pacific Ocean	6.22224776451318	115079	0.615688209176122
_tara	ERR598975	6.28470668548418	2010-01-20T11:50	TARA_034	18.4417	39.8567	deep chlorophyll maximum layer (ENVO:xxxxxxxx)	58	62	0.22-1.6 um	ERR598975	60	2010-01-20	0.349065850398866	0.342020143325669	0.939692620785908	Red Sea	6.53812429693601	20444	0.540274207369323
_tara	ERR598976	5.83628091439829	2012-03-09T08:59	TARA_151	36.1715	-29.023	surface water layer (ENVO:00002042)	3	7	0.22-3 um	ERR598976	5	2012-03-09	1.20427718387609	0.933580426497202	0.3583679495453	North Atlantic Ocean	5.93004287385693	124047	0.644782308223911
_tara	ERR598977	5.74344279749891	2010-03-30T10:56	TARA_041	14.5536	70.0128	deep chlorophyll maximum layer (ENVO:xxxxxxxx)	58	62	0.22-1.6 um	ERR598977	60	2010-03-30	1.5707963267949	1	6.12323399573677e-17	Indian Ocean	5.96332410055852	19438	0.541487400122926
_tara	ERR598978	5.75529132278013	2011-04-21T20:07	TARA_102	-5.2529	-85.1545	surface water layer (ENVO:00002042)	3	7	0.22-3 um	ERR598978	5	2011-04-21	1.93731546971371	-0.933580426497202	0.3583679495453	South Pacific Ocean	5.86310549070486	106317	0.621830985915493
_tara	ERR598979	5.83217030136816	2010-07-12T05:59	TARA_065	-35.1728	26.2868	surface water layer (ENVO:00002042)	3	7	0.22-3 um	ERR598979	5	2010-07-12	3.35103216382911	0.207911690817759	0.978147600733806	Indian Ocean	6.00240499857025	30950	0.601841820151679
_tara	ERR598980	6.12223230155162	2011-10-05T20:45:47	TARA_132	31.528	-159.0224	mesopelagic zone (ENVO:00000213)	546	555	0.22-3 um	ERR598980	550.5	2011-10-05	4.79965544298441	-0.996194698091746	0.0871557427476579	North Pacific Ocean	6.27944102831881	105483	0.576286978802702
_tara	ERR598981	5.95182215692991	2011-04-16T13:03:08	TARA_100	-12.9794	-96.0232	mesopelagic zone (ENVO:00000213) and marine oxygen minimum zone (ENVO:01000065)	174	180	0.22-3 um	ERR598981	177	2011-04-16	1.85004900711399	-0.961261695938319	0.275637355816999	South Pacific Ocean	6.18025500479086	12934	0.562369337979094
_tara	ERR598982	5.89827636135316	2010-07-15T15:36:10	TARA_066	-34.8901	18.0459	deep chlorophyll maximum layer (ENVO:xxxxxxxx)	30	30	0.22-3 um	ERR598982	30	2010-07-15	3.40339204138894	0.258819045102521	0.965925826289068	Indian Ocean	6.09128080058782	20513	0.618461538461538
_tara	ERR598983	6.22353027506518	2012-02-02T11:52	TARA_145	39.2305	-70.0377	surface water layer (ENVO:00002042)	3	7	0.22-3 um	ERR598983	5	2012-02-02	0.558505360638186	0.529919264233205	0.848048096156426	North Atlantic Ocean	6.33768029651496	115300	0.63878222709819
_tara	ERR598984	5.71408750166421	2010-10-05T08:00	TARA_072	-8.7789	-17.9099	surface water layer (ENVO:00002042)	3	7	0.22-3 um	ERR598984	5	2010-10-05	4.79965544298441	0.996194698091746	-0.0871557427476579	Indian Ocean	5.84821634048896	66500	0.642365330093155
_tara	ERR598985	6.16906170624319	2012-01-10T14:49:35	TARA_142	25.6236	-88.45	mesopelagic zone (ENVO:00000213)	636	645	0.22-3 um	ERR598985	640.5	2012-01-10	0.174532925199433	0.17364817766693	0.984807753012208	North Atlantic Ocean	6.31966334207036	109928	0.591464821222607
_tara	ERR598986	6.24248500180277	2012-03-09T17:42:29	TARA_151	36.1811	-28.9373	deep chlorophyll maximum layer (ENVO:xxxxxxxx)	70	88	0.22-3 um	ERR598986	79	2012-03-09	1.20427718387609	0.933580426497202	0.3583679495453	North Atlantic Ocean	6.36685482400345	103433	0.632256297918949
_tara	ERR598987	5.74585862955665	2011-12-02T20:42	TARA_137	14.2075	-116.6468	deep chlorophyll maximum layer (ENVO:xxxxxxxx)	38	42	0.22-3 um	ERR598987	40	2011-12-02	5.79449311662117	-0.469471562785892	0.882947592858927	North Pacific Ocean	5.955941451868	25815	0.53804641122504
_tara	ERR598988	6.09158690874189	2011-08-05T17:31:19	TARA_124	-9.0714	-140.5973	marine epipelagic mixed layer (ENVO:xxxxxxxxx)	120	120	0.22-3 um	ERR598988	120	2011-08-05	3.75245789178781	0.573576436351046	0.819152044288992	South Pacific Ocean	6.27867099226023	32404	0.587660896582335
_tara	ERR598989	5.58294192430714	2011-12-02T14:12	TARA_137	14.2035	-116.6261	surface water layer (ENVO:00002042)	3	7	0.22-3 um	ERR598989	5	2011-12-02	5.79449311662117	-0.469471562785892	0.882947592858927	North Pacific Ocean	5.67232427724956	124218	0.620743034055728
_tara	ERR598990	5.9738450811275	2010-07-12T11:03:22	TARA_065	-35.2421	26.3048	deep chlorophyll maximum layer (ENVO:xxxxxxxx)	30	30	0.22-3 um	ERR598990	30	2010-07-12	3.35103216382911	0.207911690817759	0.978147600733806	Indian Ocean	6.1575961442145	39101	0.575732217573222
_tara	ERR598991	5.58211724846723	2010-01-20T04:27	TARA_034	18.3967	39.875	surface water layer (ENVO:00002042)	3	7	0.22-1.6 um	ERR598991	5	2010-01-20	0.349065850398866	0.342020143325669	0.939692620785908	Red Sea	5.71772230173226	51867	0.616161616161616
_tara	ERR598992	5.64988089667777	2011-07-26T17:10	TARA_122	-8.9971	-139.1963	surface water layer (ENVO:00002042)	3	7	0.22-3 um	ERR598992	5	2011-07-26	3.59537825910832	0.438371146789077	0.898794046299167	South Pacific Ocean	5.75116700739743	107341	0.607033639143731
_tara	ERR598993	5.71451711800277	2009-11-02T08:13	TARA_018	35.759	14.2574	surface water layer (ENVO:00002042)	3	7	0.22-1.6 um	ERR598993	5	2009-11-02	5.27089434102288	-0.848048096156426	0.529919264233205	Mediterranean Sea	5.81623182486143	116760	0.65205288796103
_tara	ERR598994	6.2202258812328	2010-09-07T06:19	TARA_067	-32.2401	17.7103	surface water layer (ENVO:00002042)	3	7	0.22-3 um	ERR598994	5	2010-09-07	4.31096325242599	0.92050485345244	0.390731128489275	Indian Ocean	6.41840076657276	20611	0.601905770248809
_tara	ERR598995	6.17029277472147	2011-10-05T00:59:03	TARA_132	31.5168	-159.046	deep chlorophyll maximum layer (ENVO:xxxxxxxx)	111	120	0.22-3 um	ERR598995	115.5	2011-10-05	4.79965544298441	-0.996194698091746	0.0871557427476579	North Pacific Ocean	6.30172874004342	95353	0.601833285591521
_tara	ERR598996	5.92485543714218	2012-03-05T17:34	TARA_150	35.8427	-37.1526	deep chlorophyll maximum layer (ENVO:xxxxxxxx)	38	42	0.22-3 um	ERR598996	40	2012-03-05	1.13446401379631	0.90630778703665	0.4226182617407	North Atlantic Ocean	6.03015867186913	117318	0.633672819859962
_tara	ERR598997	5.65510663687315	2011-05-12T14:00	TARA_109	1.9928	-84.5766	surface water layer (ENVO:00002042)	3	7	0.22-3 um	ERR598997	5	2011-05-12	2.30383461263252	0.743144825477394	-0.669130606358858	North Pacific Ocean	5.83410526907034	16640	0.617263843648209
_tara	ERR598998	6.05346681119866	2011-08-01T17:52:45	TARA_123	-8.9109	-140.2845	marine epipelagic mixed layer (ENVO:xxxxxxxxx)	150	150	0.22-3 um	ERR598998	150	2011-08-01	3.68264472170804	0.515038074910054	0.857167300702112	South Pacific Ocean	6.27215395877815	26578	0.577338129496403
_tara	ERR598999	6.41466025300878	2011-07-27T19:28:43	TARA_122	-8.9729	-139.2393	mesopelagic zone (ENVO:00000213)	600	600	0.22-3 um	ERR598999	600	2011-07-27	3.61283155162826	0.453990499739547	0.891006524188368	South Pacific Ocean	6.64255744878251	31087	0.582278481012658
_tara	ERR599000	6.28527860230927	2010-10-17T09:05:05	TARA_076	-20.9315	-35.1794	mesopelagic zone (ENVO:00000213)	800	800	0.22-3 um	ERR599000	800	2010-10-17	5.00909495322373	0.956304755963035	-0.292371704722737	South Atlantic Ocean	6.44998179849302	95613	0.613631234484315
_tara	ERR599001	6.06857406102078	2012-03-19T18:46:13	TARA_152	43.7684	-16.9047	water layer with no specific feature	5	160	0.22-3 um	ERR599001	82.5	2012-03-19	1.37881010907552	0.981627183447664	0.190808995376545	North Atlantic Ocean	6.17687973809398	113739	0.630600426699177
_tara	ERR599002	5.63541330927701	2010-05-17T11:42	TARA_052	-16.9534	53.9601	deep chlorophyll maximum layer (ENVO:xxxxxxxx)	73	77	0.22-1.6 um	ERR599002	75	2010-05-17	2.39110107523223	-0.681998360062498	0.73135370161917	Indian Ocean	5.74569664053595	95607	0.620862201693611
_tara	ERR599003	5.69148350143248	2009-09-15T11:30	TARA_004	36.5533	-6.5669	surface water layer (ENVO:00002042)	3	7	0.22-1.6 um	ERR599003	5	2009-09-15	4.45058959258554	-0.965925826289068	-0.258819045102521	Mediterranean Sea	5.89408118554852	22997	0.573918269230769
_tara	ERR599004	6.0489400234723	2011-12-11T20:37:22	TARA_138	6.3559	-103.0598	mesopelagic zone (ENVO:00000213)	440	458	0.22-3 um	ERR599004	449	2011-12-11	5.95157274930066	-0.325568154457157	0.945518575599317	North Pacific Ocean	6.30883573708436	22276	0.515004413062665
_tara	ERR599005	6.27699066899741	2010-10-06T07:58:54	TARA_072	-8.7986	-17.9034	mesopelagic zone (ENVO:00000213)	800	800	0.22-3 um	ERR599005	800	2010-10-06	4.81710873550435	0.994521895368273	-0.104528463267653	Indian Ocean	6.4962087875356	47585	0.588901472253681
_tara	ERR599006	5.63958351198498	2010-11-04T10:04	TARA_078	-30.1367	-43.2899	surface water layer (ENVO:00002042)	3	7	0.22-3 um	ERR599006	5	2010-11-04	5.30580092606276	0.829037572555042	-0.559192903470746	South Atlantic Ocean	5.75241479782432	101647	0.684824902723735
_tara	ERR599007	5.8954735883725	2011-04-22T21:13	TARA_102	-5.2669	-85.2732	deep chlorophyll maximum layer (ENVO:xxxxxxxx)	38	42	0.22-3 um	ERR599007	40	2011-04-22	1.95476876223365	-0.927183854566787	0.374606593415912	South Pacific Ocean	6.02506822030074	79452	0.619013834693154
_tara	ERR599008	6.10786083059252	2011-01-07T10:39:47	TARA_085	-61.9689	-49.5017	mesopelagic zone (ENVO:00000213)	782	800	0.22-3 um	ERR599008	791	2011-01-07	0.122173047639603	-0.121869343405147	-0.992546151641322	Southern Ocean	6.28378112010824	77409	0.579458891515629
_tara	ERR599009	5.39719500596948	2010-12-06T10:33	TARA_082	-47.1863	-58.2902	surface water layer (ENVO:00002042)	3	7	0.22-3 um	ERR599009	5	2010-12-06	5.86430628670095	0.4067366430758	-0.913545457642601	South Atlantic Ocean	5.52756134479753	72745	0.615483870967742
_tara	ERR599010	5.70462631526466	2010-10-16T09:55	TARA_076	-20.9354	-35.1803	surface water layer (ENVO:00002042)	3	7	0.22-3 um	ERR599010	5	2010-10-16	4.99164166070378	0.961261695938319	-0.275637355816999	South Atlantic Ocean	5.93929849386616	11783	0.594488188976378
_tara	ERR599011	5.3270156511333	2010-03-30T02:47	TARA_041	14.6059	69.9776	surface water layer (ENVO:00002042)	3	7	0.22-1.6 um	ERR599011	5	2010-03-30	1.5707963267949	1	6.12323399573677e-17	Indian Ocean	5.54687201509751	20671	0.556987788331072
_tara	ERR599012	5.55661980571586	2010-07-03T08:09	TARA_062	-22.3368	40.3412	surface water layer (ENVO:00002042)	3	7	0.22-3 um	ERR599012	5	2010-07-03	3.19395253114962	0.0523359562429436	0.998629534754574	Indian Ocean	5.67202673771829	94983	0.592155369383092
_tara	ERR599013	5.62473115146052	2010-04-04T09:50	TARA_042	5.9998	73.9067	deep chlorophyll maximum layer (ENVO:xxxxxxxx)	78	82	0.22-1.6 um	ERR599013	80	2010-04-04	1.64060949687467	0.997564050259824	-0.0697564737441253	Indian Ocean	5.83765724322433	17467	0.565095003518649
_tara	ERR599014	5.98627837571826	2011-05-21T21:00	TARA_110	-1.9002	-84.6265	deep chlorophyll maximum layer (ENVO:xxxxxxxx)	48	52	0.22-3 um	ERR599014	50	2011-05-21	2.460914245312	-0.629320391049837	0.777145961456971	South Pacific Ocean	6.08240131504343	125259	0.63789746917586
_tara	ERR599015	5.95991438663328	2011-12-03T14:31:20	TARA_137	14.2025	-116.6433	mesopelagic zone (ENVO:00000213)	370	379	0.22-3 um	ERR599015	374.5	2011-12-03	5.81194640914112	-0.453990499739547	0.891006524188368	North Pacific Ocean	6.21037023095096	26884	0.523270440251572
_tara	ERR599016	5.61067117730083	2010-05-17T11:42	TARA_052	-16.9534	53.9601	deep chlorophyll maximum layer (ENVO:xxxxxxxx)	73	77	0.22-1.6 um	ERR599016	75	2010-05-17	2.39110107523223	-0.681998360062498	0.73135370161917	Indian Ocean	5.80087739411969	24464	0.57875
_tara	ERR599017	5.85554740355361	2010-09-14T13:30	TARA_068	-31.027	4.6802	deep chlorophyll maximum layer (ENVO:xxxxxxxx)	48	52	0.22-3 um	ERR599017	50	2010-09-14	4.4331363000656	0.961261695938319	0.275637355816999	Indian Ocean	6.02051692827785	33544	0.638397502601457
_tara	ERR599018	5.91023760177071	2010-07-12T11:03:22	TARA_065	-35.2421	26.3048	deep chlorophyll maximum layer (ENVO:xxxxxxxx)	30	30	0.22-3 um	ERR599018	30	2010-07-12	3.35103216382911	0.207911690817759	0.978147600733806	Indian Ocean	6.13109343933501	16817	0.583384996900186
_tara	ERR599019	5.07646384270832	2010-04-19T07:56	TARA_048	-9.3921	66.4228	surface water layer (ENVO:00002042)	3	7	0.22-1.6 um	ERR599019	5	2010-04-19	1.90240888467382	-0.945518575599317	0.325568154457156	Indian Ocean	5.25141856556639	23918	0.578264395782644
_tara	ERR599020	6.36255489854681	2011-05-22T13:20	TARA_110	-1.8902	-84.6141	mesopelagic zone (ENVO:00000213)	376	385	0.22-3 um	ERR599020	380.5	2011-05-22	2.47836753783195	-0.615661475325658	0.788010753606722	South Pacific Ocean	6.48731193322532	108661	0.633375796178344
_tara	ERR599021	6.03543062355612	2010-07-07T12:13:35	TARA_064	-29.5046	37.9599	mesopelagic zone (ENVO:00000213)	1000	1000	0.22-3 um	ERR599021	1000	2010-07-07	3.2637657012294	0.121869343405147	0.992546151641322	Indian Ocean	6.2814632824424	24746	0.521512385919166
_tara	ERR599022	5.60646334379772	2010-11-04T10:04	TARA_078	-30.1367	-43.2899	surface water layer (ENVO:00002042)	3	7	0.22-3 um	ERR599022	5	2010-11-04	5.30580092606276	0.829037572555042	-0.559192903470746	South Atlantic Ocean	5.83862688024768	19110	0.561881188118812
_tara	ERR599023	5.65369714051371	2010-07-08T06:21	TARA_064	-29.5333	37.9117	deep chlorophyll maximum layer (ENVO:xxxxxxxx)	63	67	0.22-3 um	ERR599023	65	2010-07-08	3.28121899374934	0.139173100960066	0.99026806874157	Indian Ocean	5.75416097739386	135587	0.650667514303878
_tara	ERR599024	5.47091805802536	2011-04-09T13:56	TARA_099	-21.146	-104.787	surface water layer (ENVO:00002042)	3	7	0.22-3 um	ERR599024	5	2011-04-09	1.72787595947439	-0.987688340595138	0.156434465040231	South Pacific Ocean	5.57453035695424	120399	0.613978494623656
_tara	ERR599025	5.6126612571236	2010-07-08T06:21	TARA_064	-29.5333	37.9117	deep chlorophyll maximum layer (ENVO:xxxxxxxx)	63	67	0.22-3 um	ERR599025	65	2010-07-08	3.28121899374934	0.139173100960066	0.99026806874157	Indian Ocean	5.76689739276979	39193	0.621636167922497
_tara	ERR599026	5.51733971288477	2010-06-29T15:00	TARA_058	-17.2855	42.2866	deep chlorophyll maximum layer (ENVO:xxxxxxxx)	64	68	0.22-3 um	ERR599026	66	2010-06-29	3.12413936106985	-0.0174524064372839	0.999847695156391	Indian Ocean	5.62765268695829	100503	0.624762628180782
_tara	ERR599027	5.34850044126946	2010-12-06T18:58	TARA_082	-47.2007	-57.9446	deep chlorophyll maximum layer (ENVO:xxxxxxxx)	38	42	0.22-3 um	ERR599027	40	2010-12-06	5.86430628670095	0.4067366430758	-0.913545457642601	South Atlantic Ocean	5.51045266098968	30428	0.635395874916833
_tara	ERR599028	5.46312978277799	2010-03-12T12:23	TARA_036	20.8222	63.5133	deep chlorophyll maximum layer (ENVO:xxxxxxxx)	15	19	0.22-1.6 um	ERR599028	17	2010-03-12	1.25663706143592	0.951056516295154	0.309016994374947	Indian Ocean	5.55950652300198	100201	0.648332611520139
_tara	ERR599029	5.75350909514431	2011-12-30T13:35	TARA_141	9.8481	-80.0454	surface water layer (ENVO:00002042)	3	7	0.22-3 um	ERR599029	5	2011-12-30	6.28318530717959	-2.44929359829471e-16	1	North Atlantic Ocean	5.88973017368354	127301	0.593718592964824
_tara	ERR599030	5.42431753851741	2011-12-10T14:08	TARA_138	6.3332	-102.9432	surface water layer (ENVO:00002042)	3	7	0.22-3 um	ERR599030	5	2011-12-10	5.93411945678072	-0.342020143325669	0.939692620785908	North Pacific Ocean	5.54641495029162	117347	0.592982456140351
_tara	ERR599031	5.67962670112667	2010-03-12T17:08:47	TARA_037	20.8457	63.5851	mesopelagic zone (ENVO:00000213) and marine oxygen minimum zone (ENVO:01000065)	596	605	0.22-1.6 um	ERR599031	600.5	2010-03-12	1.25663706143592	0.951056516295154	0.309016994374947	Indian Ocean	5.96176674919218	13336	0.487279843444227
_tara	ERR599032	6.06781430946068	2011-09-05T18:40	TARA_128	0.0222	-153.6858	deep chlorophyll maximum layer (ENVO:xxxxxxxx)	38	42	0.22-3 um	ERR599032	40	2011-09-05	4.27605666738611	-0.90630778703665	-0.4226182617407	North Pacific Ocean	6.20564858740481	108213	0.599896747547754
_tara	ERR599033	6.40463100720642	2011-07-27T19:28:43	TARA_122	-8.9729	-139.2393	mesopelagic zone (ENVO:00000213)	600	600	0.22-3 um	ERR599033	600	2011-07-27	3.61283155162826	0.453990499739547	0.891006524188368	South Pacific Ocean	6.62852299540437	30956	0.590798187521785
_tara	ERR599034	6.10714486884867	2010-07-12T06:46:23	TARA_065	-35.1889	26.2905	mesopelagic zone (ENVO:00000213)	800	900	0.22-3 um	ERR599034	850	2010-07-12	3.35103216382911	0.207911690817759	0.978147600733806	Indian Ocean	6.36218832829332	16449	0.535770234986945
_tara	ERR599035	5.43329362850586	2010-12-06T10:33	TARA_082	-47.1863	-58.2902	surface water layer (ENVO:00002042)	3	7	0.22-3 um	ERR599035	5	2010-12-06	5.86430628670095	0.4067366430758	-0.913545457642601	South Atlantic Ocean	5.58754491158861	50482	0.613505747126437
_tara	ERR599036	5.66776467351519	2011-08-04T18:33	TARA_124	-9.1504	-140.5216	surface water layer (ENVO:00002042)	3	7	0.22-3 um	ERR599036	5	2011-08-04	3.73500459926787	0.559192903470747	0.829037572555042	South Pacific Ocean	5.82564815673084	36161	0.592141671278362
_tara	ERR599037	5.65016821829108	2010-03-20T08:15:28	TARA_039	18.7341	66.3896	mesopelagic zone (ENVO:00000213) and marine oxygen minimum zone (ENVO:01000065)	262	280	0.22-1.6 um	ERR599037	271	2010-03-20	1.39626340159546	0.984807753012208	0.17364817766693	Indian Ocean	5.86048053805974	45056	0.565118912797282
_tara	ERR599038	5.88842188324124	2011-09-04T18:00	TARA_128	3e-04	-153.6759	surface water layer (ENVO:00002042)	3	7	0.22-3 um	ERR599038	5	2011-09-04	4.25860337486616	-0.898794046299167	-0.438371146789078	North Pacific Ocean	6.01409635466114	98802	0.60490720352312
_tara	ERR599039	5.78233393024687	2011-05-21T12:27	TARA_110	-2.0133	-84.589	surface water layer (ENVO:00002042)	3	7	0.22-3 um	ERR599039	5	2011-05-21	2.460914245312	-0.629320391049837	0.777145961456971	South Pacific Ocean	5.88116358122961	106872	0.635408852213053
_tara	ERR599040	6.17535902290577	2010-10-16T16:58:37	TARA_076	-21.0292	-35.3498	deep chlorophyll maximum layer (ENVO:xxxxxxxx)	150	150	0.22-3 um	ERR599040	150	2010-10-16	4.99164166070378	0.961261695938319	-0.275637355816999	South Atlantic Ocean	6.44112577766194	10589	0.546461538461538
_tara	ERR599041	5.16810923456502	2010-01-11T07:21	TARA_032	23.36	37.2183	surface water layer (ENVO:00002042)	3	7	0.22-1.6 um	ERR599041	5	2010-01-11	0.191986217719376	0.190808995376545	0.981627183447664	Red Sea	5.34793280202836	24771	0.615668883961567
_tara	ERR599042	5.58614104653651	2011-04-03T21:50:58	TARA_098	-25.826	-111.7294	deep chlorophyll maximum layer (ENVO:xxxxxxxx)	175	200	0.22-3 um	ERR599042	187.5	2011-04-03	1.62315620435473	-0.998629534754574	0.0523359562429434	South Pacific Ocean	5.77899291218977	22530	0.604817708333333
_tara	ERR599043	5.77068211973388	2009-11-23T09:12	TARA_025	39.3888	19.3905	surface water layer (ENVO:00002042)	3	7	0.22-1.6 um	ERR599043	5	2009-11-23	5.63741348394168	-0.601815023152048	0.798635510047293	Mediterranean Sea	5.86960596309919	122976	0.635029020143394
_tara	ERR599044	5.6609724219011	2010-09-21T11:57:54	TARA_070	-20.4075	-3.1641	mesopelagic zone (ENVO:00000213)	785	812	0.22-3 um	ERR599044	798.5	2010-09-21	4.5553093477052	0.987688340595138	0.156434465040231	Indian Ocean	5.79730218234398	146962	0.609263930291218
_tara	ERR599045	5.00140486027966	2010-04-13T03:21	TARA_045	0.0033	71.6428	surface water layer (ENVO:00002042)	3	7	0.22-1.6 um	ERR599045	5	2010-04-13	1.79768912955416	0.974370064785235	-0.224951054343865	Indian Ocean	5.2005125383843	24081	0.559558823529412
_tara	ERR599046	6.18338277296932	2010-11-04T18:16:53	TARA_078	-30.1484	-43.2705	deep chlorophyll maximum layer (ENVO:xxxxxxxx)	120	120	0.22-3 um	ERR599046	120	2010-11-04	5.30580092606276	0.829037572555042	-0.559192903470746	South Atlantic Ocean	6.43507296747741	16995	0.569238377843719
_tara	ERR599047	6.12531576780277	2012-02-16T12:01:25	TARA_146	34.6663	-71.2907	mesopelagic zone (ENVO:00000213)	630	648	0.22-3 um	ERR599047	639	2012-02-16	0.802851455917391	0.719339800338651	0.694658370458997	North Atlantic Ocean	6.28976694633362	76618	0.575511347716447
_tara	ERR599048	6.24957312226737	2010-10-06T07:58:54	TARA_072	-8.7986	-17.9034	mesopelagic zone (ENVO:00000213)	800	800	0.22-3 um	ERR599048	800	2010-10-06	4.81710873550435	0.994521895368273	-0.104528463267653	Indian Ocean	6.51716169780537	24218	0.552700186219739
_tara	ERR599049	5.43902981200607	2010-01-13T07:16	TARA_033	21.9467	38.2517	surface water layer (ENVO:00002042)	3	7	0.22-1.6 um	ERR599049	5	2010-01-13	0.226892802759263	0.224951054343865	0.974370064785235	Red Sea	5.56810971234967	58145	0.605356240525518
_tara	ERR599050	5.69976743399063	2011-03-18T11:57	TARA_094	-32.7971	-87.0693	surface water layer (ENVO:00002042)	3	7	0.22-3 um	ERR599050	5	2011-03-18	1.36135681655558	-0.978147600733806	-0.207911690817759	South Pacific Ocean	5.7893966246312	184903	0.642817371937639
_tara	ERR599051	6.0706052755438	2011-12-11T20:37:22	TARA_138	6.3559	-103.0598	mesopelagic zone (ENVO:00000213)	440	458	0.22-3 um	ERR599051	449	2011-12-11	5.95157274930066	-0.325568154457157	0.945518575599317	North Pacific Ocean	6.33615052614444	22975	0.49746192893401
_tara	ERR599052	5.85897341581792	2011-10-18T15:35	TARA_133	35.3671	-127.7422	surface water layer (ENVO:00002042)	3	7	0.22-3 um	ERR599052	5	2011-10-18	5.02654824574367	-0.951056516295154	0.309016994374947	North Pacific Ocean	5.94872292526702	169468	0.625071225071225
_tara	ERR599053	5.76327167922782	2010-03-30T10:56	TARA_041	14.5536	70.0128	deep chlorophyll maximum layer (ENVO:xxxxxxxx)	58	62	0.22-1.6 um	ERR599053	60	2010-03-30	1.5707963267949	1	6.12323399573677e-17	Indian Ocean	5.88739492918537	88243	0.615877536489854
_tara	ERR599054	5.03943131656002	2010-04-13T03:21	TARA_045	0.0033	71.6428	surface water layer (ENVO:00002042)	3	7	0.22-1.6 um	ERR599054	5	2010-04-13	1.79768912955416	0.974370064785235	-0.224951054343865	Indian Ocean	5.1447722920386	107308	0.625
_tara	ERR599055	5.82253866314019	2011-04-22T12:08:28	TARA_102	-5.261	-85.1678	mesopelagic zone (ENVO:00000213) and marine oxygen minimum zone (ENVO:01000065)	480	480	0.22-3 um	ERR599055	480	2011-04-22	1.95476876223365	-0.927183854566787	0.374606593415912	South Pacific Ocean	6.07050433874333	18006	0.547255234861347
_tara	ERR599056	5.81161858955268	2010-09-14T13:30	TARA_068	-31.027	4.6802	deep chlorophyll maximum layer (ENVO:xxxxxxxx)	48	52	0.22-3 um	ERR599056	50	2010-09-14	4.4331363000656	0.961261695938319	0.275637355816999	Indian Ocean	6.01497452482497	17303	0.594173441734417
_tara	ERR599057	5.34052891962746	2010-06-26T07:05	TARA_056	-15.3424	43.2965	surface water layer (ENVO:00002042)	3	7	0.22-3 um	ERR599057	5	2010-06-26	3.07177948351002	-0.0697564737441251	0.997564050259824	Indian Ocean	5.44733076735376	101343	0.625556004852406
_tara	ERR599058	5.44083943017533	2010-06-27T12:05	TARA_057	-17.0248	42.7401	surface water layer (ENVO:00002042)	3	7	0.22-3 um	ERR599058	5	2010-06-27	3.08923277602996	-0.0523359562429438	0.998629534754574	Indian Ocean	5.56420465889229	103036	0.56304575619979
_tara	ERR599059	5.14402064603907	2011-01-03T11:05	TARA_084	-60.2287	-60.6476	surface water layer (ENVO:00002042)	3	7	0.22-3 um	ERR599059	5	2011-01-03	0.0523598775598299	-0.0523359562429439	-0.998629534754574	Southern Ocean	5.22668164445487	121311	0.646450399623883
_tara	ERR599060	6.05798738871237	2011-12-11T20:37:22	TARA_138	6.3559	-103.0598	mesopelagic zone (ENVO:00000213)	440	458	0.22-3 um	ERR599060	449	2011-12-11	5.95157274930066	-0.325568154457157	0.945518575599317	North Pacific Ocean	6.31618934268881	22438	0.523306948109059
_tara	ERR599061	6.02366318738949	2010-01-11T14:17	TARA_032	23.4183	37.245	deep chlorophyll maximum layer (ENVO:xxxxxxxx)	78	82	0.22-1.6 um	ERR599061	80	2010-01-11	0.191986217719376	0.190808995376545	0.981627183447664	Red Sea	6.23488552005763	17897	0.604117647058824
_tara	ERR599062	5.77536692735553	2010-03-12T17:08:47	TARA_037	20.8457	63.5851	mesopelagic zone (ENVO:00000213) and marine oxygen minimum zone (ENVO:01000065)	596	605	0.22-1.6 um	ERR599062	600.5	2010-03-12	1.25663706143592	0.951056516295154	0.309016994374947	Indian Ocean	5.94945026282838	73213	0.561985988425221
_tara	ERR599063	5.68981413922535	2011-04-15T12:45	TARA_100	-13.0023	-95.9759	surface water layer (ENVO:00002042)	3	7	0.22-3 um	ERR599063	5	2011-04-15	1.83259571459405	-0.965925826289068	0.258819045102521	South Pacific Ocean	5.88325416225277	16734	0.581998474446987
_tara	ERR599064	5.73728201197905	2011-03-12T11:34	TARA_093	-34.0614	-73.1066	surface water layer (ENVO:00002042)	3	7	0.22-3 um	ERR599064	5	2011-03-12	1.25663706143592	-0.951056516295154	-0.309016994374947	South Pacific Ocean	5.8591114489679	91619	0.662360335195531
_tara	ERR599065	5.80717128098062	2011-05-12T22:15	TARA_109	2.0299	-84.5546	deep chlorophyll maximum layer (ENVO:xxxxxxxx)	28	32	0.22-3 um	ERR599065	30	2011-05-12	2.30383461263252	0.743144825477394	-0.669130606358858	North Pacific Ocean	5.93614047805009	74233	0.614735226400614
_tara	ERR599066	5.65157117051129	2011-08-08T17:33	TARA_125	-8.9111	-142.5571	surface water layer (ENVO:00002042)	3	7	0.22-3 um	ERR599066	5	2011-08-08	3.80481776934764	0.615661475325658	0.788010753606722	South Pacific Ocean	5.81132057912882	32906	0.592352941176471
_tara	ERR599067	6.02792044726951	2011-05-13T16:08:58	TARA_109	2.0649	-84.5546	mesopelagic zone (ENVO:00000213)	380	380	0.22-3 um	ERR599067	380	2011-05-13	2.32128790515246	0.731353701619171	-0.681998360062498	North Pacific Ocean	6.25071809300339	25459	0.556481481481481
_tara	ERR599068	5.88618348361757	2010-07-15T12:22	TARA_066	-34.9449	17.9189	surface water layer (ENVO:00002042)	3	7	0.22-3 um	ERR599068	5	2010-07-15	3.40339204138894	0.258819045102521	0.965925826289068	Indian Ocean	6.08506678034181	18038	0.628664495114007
_tara	ERR599069	5.67606873277401	2011-08-04T18:33	TARA_124	-9.1504	-140.5216	surface water layer (ENVO:00002042)	3	7	0.22-3 um	ERR599069	5	2011-08-04	3.73500459926787	0.559192903470747	0.829037572555042	South Pacific Ocean	5.83189859496355	37310	0.588973799126637
_tara	ERR599070	5.74105690509416	2011-12-02T20:42	TARA_137	14.2075	-116.6468	deep chlorophyll maximum layer (ENVO:xxxxxxxx)	38	42	0.22-3 um	ERR599070	40	2011-12-02	5.79449311662117	-0.469471562785892	0.882947592858927	North Pacific Ocean	5.94824355756211	26341	0.560043080236941
_tara	ERR599071	6.03508643246029	2011-04-04T13:55:02	TARA_098	-25.8076	-111.6906	mesopelagic zone (ENVO:00000213)	475	500	0.22-3 um	ERR599071	487.5	2011-04-04	1.64060949687467	-0.997564050259824	0.0697564737441253	South Pacific Ocean	6.18852372581227	84986	0.578827546955037
_tara	ERR599072	6.29873822934708	2011-06-15T18:43:16	TARA_112	-23.2232	-129.5986	mesopelagic zone (ENVO:00000213)	691	700	0.22-3 um	ERR599072	695.5	2011-06-15	2.87979326579064	-0.258819045102521	0.965925826289068	South Pacific Ocean	6.48248704270402	84881	0.591909313180707
_tara	ERR599073	5.72128080602564	2009-11-02T14:07	TARA_018	35.7528	14.2765	deep chlorophyll maximum layer (ENVO:xxxxxxxx)	58	62	0.22-1.6 um	ERR599073	60	2009-11-02	5.27089434102288	-0.848048096156426	0.529919264233205	Mediterranean Sea	5.91560877835518	24629	0.603751465416178
_tara	ERR599074	5.38203901543973	2010-03-30T02:47	TARA_041	14.6059	69.9776	surface water layer (ENVO:00002042)	3	7	0.22-1.6 um	ERR599074	5	2010-03-30	1.5707963267949	1	6.12323399573677e-17	Indian Ocean	5.50959992627157	100115	0.588173547935619
_tara	ERR599075	5.38911944289224	2010-04-04T02:47	TARA_042	6.0001	73.8955	surface water layer (ENVO:00002042)	3	7	0.22-1.6 um	ERR599075	5	2010-04-04	1.64060949687467	0.997564050259824	-0.0697564737441253	Indian Ocean	5.50847543522177	90233	0.597183098591549
_tara	ERR599076	5.96639682581529	2011-12-03T14:31:20	TARA_137	14.2025	-116.6433	mesopelagic zone (ENVO:00000213)	370	379	0.22-3 um	ERR599076	374.5	2011-12-03	5.81194640914112	-0.453990499739547	0.891006524188368	North Pacific Ocean	6.22007985217028	27048	0.515463917525773
_tara	ERR599077	5.74928036764416	2011-05-31T14:25	TARA_111	-16.9601	-100.6335	surface water layer (ENVO:00002042)	3	7	0.22-3 um	ERR599077	5	2011-05-31	2.63544717051144	-0.484809620246337	0.874619707139396	South Pacific Ocean	5.84173888451159	114228	0.634902411021814
_tara	ERR599078	6.03151364079034	2012-03-19T08:18	TARA_152	43.6792	-16.8344	surface water layer (ENVO:00002042)	3	7	0.22-3 um	ERR599078	5	2012-03-19	1.37881010907552	0.981627183447664	0.190808995376545	North Atlantic Ocean	6.13922142178201	120287	0.634632549836358
_tara	ERR599079	5.60150195419322	2011-04-03T21:50:58	TARA_098	-25.826	-111.7294	deep chlorophyll maximum layer (ENVO:xxxxxxxx)	175	200	0.22-3 um	ERR599079	187.5	2011-04-03	1.62315620435473	-0.998629534754574	0.0523359562429434	South Pacific Ocean	5.75259167616639	45800	0.608544461003477
_tara	ERR599080	5.66091398299298	2011-08-04T18:33	TARA_124	-9.1504	-140.5216	surface water layer (ENVO:00002042)	3	7	0.22-3 um	ERR599080	5	2011-08-04	3.73500459926787	0.559192903470747	0.829037572555042	South Pacific Ocean	5.81730804675346	36364	0.60022271714922
_tara	ERR599081	5.98709298727914	2011-04-15T19:38	TARA_100	-12.9723	-96.0122	deep chlorophyll maximum layer (ENVO:xxxxxxxx)	48	52	0.22-3 um	ERR599081	50	2011-04-15	1.83259571459405	-0.965925826289068	0.258819045102521	South Pacific Ocean	6.10937564996896	113319	0.613995485327314
_tara	ERR599082	5.42781891937076	2010-03-15T11:18	TARA_038	19.0284	64.5126	deep chlorophyll maximum layer (ENVO:xxxxxxxx)	23	27	0.22-1.6 um	ERR599082	25	2010-03-15	1.30899693899575	0.965925826289068	0.258819045102521	Indian Ocean	5.53579144598745	83547	0.642176870748299
_tara	ERR599083	6.41841557533431	2011-07-27T19:28:43	TARA_122	-8.9729	-139.2393	mesopelagic zone (ENVO:00000213)	600	600	0.22-3 um	ERR599083	600	2011-07-27	3.61283155162826	0.453990499739547	0.891006524188368	South Pacific Ocean	6.6470374138615	31823	0.582912882610158
_tara	ERR599084	6.09275729397971	2011-08-05T17:31:19	TARA_124	-9.0714	-140.5973	marine epipelagic mixed layer (ENVO:xxxxxxxxx)	120	120	0.22-3 um	ERR599084	120	2011-08-05	3.75245789178781	0.573576436351046	0.819152044288992	South Pacific Ocean	6.27879325079563	32551	0.591737005775211
_tara	ERR599085	5.97620219135974	2011-04-04T13:55:02	TARA_098	-25.8076	-111.6906	mesopelagic zone (ENVO:00000213)	475	500	0.22-3 um	ERR599085	487.5	2011-04-04	1.64060949687467	-0.997564050259824	0.0697564737441253	South Pacific Ocean	6.21989238113661	18232	0.540744738262277
_tara	ERR599086	5.90783232486749	2011-06-01T16:00:59	TARA_111	-16.9486	-100.6715	mesopelagic zone (ENVO:00000213)	346	355	0.22-3 um	ERR599086	350.5	2011-06-01	2.63544717051144	-0.484809620246337	0.874619707139396	South Pacific Ocean	6.03350009205577	109683	0.596660808435852
_tara	ERR599087	5.98620110362258	2011-12-11T13:27:34	TARA_138	6.3378	-102.9538	deep chlorophyll maximum layer (ENVO:xxxxxxxx)	55	64	0.22-3 um	ERR599087	59.5	2011-12-11	5.95157274930066	-0.325568154457157	0.945518575599317	North Pacific Ocean	6.11255616535213	114348	0.606516976998905
_tara	ERR599088	5.41553075580192	2010-07-07T04:48	TARA_064	-29.5019	37.9889	surface water layer (ENVO:00002042)	3	7	0.22-3 um	ERR599088	5	2010-07-07	3.2637657012294	0.121869343405147	0.992546151641322	Indian Ocean	5.59083059079742	23629	0.613275613275613
_tara	ERR599089	6.09914052445695	2011-08-05T17:31:19	TARA_124	-9.0714	-140.5973	marine epipelagic mixed layer (ENVO:xxxxxxxxx)	120	120	0.22-3 um	ERR599089	120	2011-08-05	3.75245789178781	0.573576436351046	0.819152044288992	South Pacific Ocean	6.28385815406212	32493	0.596256684491979
_tara	ERR599090	4.54615116561917	2011-01-06T10:38	TARA_085	-62.0385	-49.529	surface water layer (ENVO:00002042)	3	7	0.22-3 um	ERR599090	5	2011-01-06	0.10471975511966	-0.104528463267653	-0.994521895368273	Southern Ocean	4.61813675888737	137872	0.623964660408614
_tara	ERR599091	5.66459122685274	2011-08-08T17:33	TARA_125	-8.9111	-142.5571	surface water layer (ENVO:00002042)	3	7	0.22-3 um	ERR599091	5	2011-08-08	3.80481776934764	0.615661475325658	0.788010753606722	South Pacific Ocean	5.82402331716313	32903	0.588166373755126
_tara	ERR599092	5.75756982334067	2009-11-02T14:07	TARA_018	35.7528	14.2765	deep chlorophyll maximum layer (ENVO:xxxxxxxx)	58	62	0.22-1.6 um	ERR599092	60	2009-11-02	5.27089434102288	-0.848048096156426	0.529919264233205	Mediterranean Sea	5.87116553109378	113698	0.621517771373679
_tara	ERR599093	5.38945955670451	2011-04-03T13:44	TARA_098	-25.8051	-111.7202	surface water layer (ENVO:00002042)	3	7	0.22-3 um	ERR599093	5	2011-04-03	1.62315620435473	-0.998629534754574	0.0523359562429434	South Pacific Ocean	5.51872194456017	56355	0.611578947368421
_tara	ERR599094	5.93990547550289	2009-11-23T13:52	TARA_025	39.3991	19.3997	deep chlorophyll maximum layer (ENVO:xxxxxxxx)	48	52	0.22-1.6 um	ERR599094	50	2009-11-23	5.63741348394168	-0.601815023152048	0.798635510047293	Mediterranean Sea	6.06580130324268	101541	0.630709134615385
_tara	ERR599095	5.99079918124703	2009-09-15T18:00	TARA_004	36.5533	-6.5669	deep chlorophyll maximum layer (ENVO:xxxxxxxx)	38	42	0.22-1.6 um	ERR599095	40	2009-09-15	4.45058959258554	-0.965925826289068	-0.258819045102521	Mediterranean Sea	6.08435042923765	123509	0.655835543766578
_tara	ERR599096	6.37793895786832	2011-07-27T19:28:43	TARA_122	-8.9729	-139.2393	mesopelagic zone (ENVO:00000213)	600	600	0.22-3 um	ERR599096	600	2011-07-27	3.61283155162826	0.453990499739547	0.891006524188368	South Pacific Ocean	6.60994634329107	30482	0.560806115357887
_tara	ERR599097	6.05678622202075	2010-01-11T14:17	TARA_032	23.4183	37.245	deep chlorophyll maximum layer (ENVO:xxxxxxxx)	78	82	0.22-1.6 um	ERR599097	80	2010-01-11	0.191986217719376	0.190808995376545	0.981627183447664	Red Sea	6.17066566720788	97081	0.675955930006481
_tara	ERR599098	5.19790244467337	2010-05-17T04:10	TARA_052	-16.957	53.9801	surface water layer (ENVO:00002042)	3	7	0.22-1.6 um	ERR599098	5	2010-05-17	2.39110107523223	-0.681998360062498	0.73135370161917	Indian Ocean	5.39117638398257	22376	0.595255744996294
_tara	ERR599099	5.76438321318124	2011-12-02T20:42	TARA_137	14.2075	-116.6468	deep chlorophyll maximum layer (ENVO:xxxxxxxx)	38	42	0.22-3 um	ERR599099	40	2011-12-02	5.79449311662117	-0.469471562785892	0.882947592858927	North Pacific Ocean	5.96900401869287	26408	0.553879310344828
_tara	ERR599100	5.95846043096411	2012-01-09T20:17:16	TARA_142	25.6168	-88.4532	deep chlorophyll maximum layer (ENVO:xxxxxxxx)	121	130	0.22-3 um	ERR599100	125.5	2012-01-09	0.15707963267949	0.156434465040231	0.987688340595138	North Atlantic Ocean	6.08829642610917	103687	0.597444089456869
_tara	ERR599101	6.24436144165382	2010-11-04T18:16:53	TARA_078	-30.1484	-43.2705	deep chlorophyll maximum layer (ENVO:xxxxxxxx)	120	120	0.22-3 um	ERR599101	120	2010-11-04	5.30580092606276	0.829037572555042	-0.559192903470746	South Atlantic Ocean	6.37425561891804	109541	0.674780426599749
_tara	ERR599102	5.41145540082046	2010-03-15T03:35	TARA_038	19.0393	64.4913	surface water layer (ENVO:00002042)	3	7	0.22-1.6 um	ERR599102	5	2010-03-15	1.30899693899575	0.965925826289068	0.258819045102521	Indian Ocean	5.53506572295606	46600	0.645082467929139
_tara	ERR599103	5.80976885614396	2010-09-14T13:30	TARA_068	-31.027	4.6802	deep chlorophyll maximum layer (ENVO:xxxxxxxx)	48	52	0.22-3 um	ERR599103	50	2010-09-14	4.4331363000656	0.961261695938319	0.275637355816999	Indian Ocean	6.01355769187796	17200	0.606779661016949
_tara	ERR599104	4.84644697869894	2011-01-06T19:34:21	TARA_085	-62.2231	-49.2139	deep chlorophyll maximum layer (ENVO:xxxxxxxx)	80	98	0.22-3 um	ERR599104	89	2011-01-06	0.10471975511966	-0.104528463267653	-0.994521895368273	Southern Ocean	5.01084411485465	23055	0.624173748819641
_tara	ERR599105	5.65028109945293	2010-10-05T08:00	TARA_072	-8.7789	-17.9099	surface water layer (ENVO:00002042)	3	7	0.22-3 um	ERR599105	5	2010-10-05	4.79965544298441	0.996194698091746	-0.0871557427476579	Indian Ocean	5.88857984838323	14183	0.581081081081081
_tara	ERR599106	5.13142230997242	2010-01-09T07:15	TARA_031	27.16	27.1433	surface water layer (ENVO:00002042)	3	7	0.22-1.6 um	ERR599106	5	2010-01-09	0.15707963267949	0.156434465040231	0.987688340595138	Mediterranean Sea	5.23996704897484	125093	0.604293381037567
_tara	ERR599107	5.90104566737281	2010-07-15T15:36:10	TARA_066	-34.8901	18.0459	deep chlorophyll maximum layer (ENVO:xxxxxxxx)	30	30	0.22-3 um	ERR599107	30	2010-07-15	3.40339204138894	0.258819045102521	0.965925826289068	Indian Ocean	6.10307400725028	20107	0.611877624475105
_tara	ERR599108	5.75374392450939	2011-05-12T22:15	TARA_109	2.0299	-84.5546	deep chlorophyll maximum layer (ENVO:xxxxxxxx)	28	32	0.22-3 um	ERR599108	30	2011-05-12	2.30383461263252	0.743144825477394	-0.669130606358858	North Pacific Ocean	5.93140610517957	30950	0.58008658008658
_tara	ERR599109	5.63889041837473	2010-03-16T06:13:30	TARA_038	19.0351	64.5638	mesopelagic zone (ENVO:00000213) and marine oxygen minimum zone (ENVO:01000065)	332	350	0.22-1.6 um	ERR599109	341	2010-03-16	1.32645023151569	0.970295726275996	0.241921895599668	Indian Ocean	5.89323815255118	23553	0.501766784452297
_tara	ERR599110	5.98809329221742	2010-07-12T11:03:22	TARA_065	-35.2421	26.3048	deep chlorophyll maximum layer (ENVO:xxxxxxxx)	30	30	0.22-3 um	ERR599110	30	2010-07-12	3.35103216382911	0.207911690817759	0.978147600733806	Indian Ocean	6.12196509606136	91754	0.617486338797814
_tara	ERR599111	6.33835808019001	2010-01-20T11:50	TARA_034	18.4417	39.8567	deep chlorophyll maximum layer (ENVO:xxxxxxxx)	58	62	0.22-1.6 um	ERR599111	60	2010-01-20	0.349065850398866	0.342020143325669	0.939692620785908	Red Sea	6.50451768297617	90217	0.59035310408493
_tara	ERR599112	6.35598613712269	2010-06-26T07:12:30	TARA_056	-15.3379	43.2948	mesopelagic zone (ENVO:00000213)	990	1008	0.22-3 um	ERR599112	999	2010-06-26	3.07177948351002	-0.0697564737441251	0.997564050259824	Indian Ocean	6.51530714474542	110968	0.604817309655032
_tara	ERR599113	5.94364283130409	2011-04-15T19:38	TARA_100	-12.9723	-96.0122	deep chlorophyll maximum layer (ENVO:xxxxxxxx)	48	52	0.22-3 um	ERR599113	50	2011-04-15	1.83259571459405	-0.965925826289068	0.258819045102521	South Pacific Ocean	6.16134934820298	21102	0.573601303639326
_tara	ERR599114	5.64992648766029	2011-08-08T17:33	TARA_125	-8.9111	-142.5571	surface water layer (ENVO:00002042)	3	7	0.22-3 um	ERR599114	5	2011-08-08	3.80481776934764	0.615661475325658	0.788010753606722	South Pacific Ocean	5.8113440392349	33046	0.594076655052265
_tara	ERR599115	6.13263071430447	2011-10-19T19:27:16	TARA_133	35.2698	-127.7268	mesopelagic zone (ENVO:00000213)	646	655	0.22-3 um	ERR599115	650.5	2011-10-19	5.04400153826361	-0.945518575599317	0.325568154457156	North Pacific Ocean	6.29672445955439	118400	0.584370536625179
_tara	ERR599116	5.19392887454143	2010-01-11T07:21	TARA_032	23.36	37.2183	surface water layer (ENVO:00002042)	3	7	0.22-1.6 um	ERR599116	5	2010-01-11	0.191986217719376	0.190808995376545	0.981627183447664	Red Sea	5.31752883654724	67564	0.6214463840399
_tara	ERR599117	6.05590566911454	2011-08-01T17:52:45	TARA_123	-8.9109	-140.2845	marine epipelagic mixed layer (ENVO:xxxxxxxxx)	150	150	0.22-3 um	ERR599117	150	2011-08-01	3.68264472170804	0.515038074910054	0.857167300702112	South Pacific Ocean	6.27166840115279	26596	0.566046300499319
_tara	ERR599118	5.72663804115469	2011-05-12T14:00	TARA_109	1.9928	-84.5766	surface water layer (ENVO:00002042)	3	7	0.22-3 um	ERR599118	5	2011-05-12	2.30383461263252	0.743144825477394	-0.669130606358858	North Pacific Ocean	5.82363096844677	110055	0.630740037950664
_tara	ERR599119	5.66244177157169	2011-08-08T17:33	TARA_125	-8.9111	-142.5571	surface water layer (ENVO:00002042)	3	7	0.22-3 um	ERR599119	5	2011-08-08	3.80481776934764	0.615661475325658	0.788010753606722	South Pacific Ocean	5.82872661380205	33692	0.583892617449664
_tara	ERR599120	5.40533274408846	2011-04-03T13:44	TARA_098	-25.8051	-111.7202	surface water layer (ENVO:00002042)	3	7	0.22-3 um	ERR599120	5	2011-04-03	1.62315620435473	-0.998629534754574	0.0523359562429434	South Pacific Ocean	5.57073292573968	33230	0.571869216533004
_tara	ERR599121	4.83848588647464	2011-01-06T19:34:21	TARA_085	-62.2231	-49.2139	deep chlorophyll maximum layer (ENVO:xxxxxxxx)	80	98	0.22-3 um	ERR599121	89	2011-01-06	0.10471975511966	-0.104528463267653	-0.994521895368273	Southern Ocean	4.92474298979649	113552	0.614080164439877
_tara	ERR599122	5.35610720427634	2010-12-06T18:58	TARA_082	-47.2007	-57.9446	deep chlorophyll maximum layer (ENVO:xxxxxxxx)	38	42	0.22-3 um	ERR599122	40	2010-12-06	5.86430628670095	0.4067366430758	-0.913545457642601	South Atlantic Ocean	5.44292054844171	134495	0.667445482866044
_tara	ERR599123	5.985652084395	2012-02-24T11:40	TARA_148	31.6948	-64.2489	surface water layer (ENVO:00002042)	3	7	0.22-3 um	ERR599123	5	2012-02-24	0.942477796076938	0.809016994374947	0.587785252292473	North Atlantic Ocean	6.09271239208175	116175	0.625428482393269
_tara	ERR599124	6.22422298876986	2010-11-05T12:33:27	TARA_078	-30.1471	-43.2915	mesopelagic zone (ENVO:00000213)	800	800	0.22-3 um	ERR599124	800	2010-11-05	5.32325421858271	0.819152044288992	-0.573576436351046	South Atlantic Ocean	6.52662258194231	17236	0.501472444257467
_tara	ERR599125	6.05834229392962	2011-01-07T10:39:47	TARA_085	-61.9689	-49.5017	mesopelagic zone (ENVO:00000213)	782	800	0.22-3 um	ERR599125	791	2011-01-07	0.122173047639603	-0.121869343405147	-0.992546151641322	Southern Ocean	6.31586445474164	19301	0.528165623495426
_tara	ERR599126	5.77053104487154	2010-10-16T09:55	TARA_076	-20.9354	-35.1803	surface water layer (ENVO:00002042)	3	7	0.22-3 um	ERR599126	5	2010-10-16	4.99164166070378	0.961261695938319	-0.275637355816999	South Atlantic Ocean	5.87541869981006	76063	0.731073943661972
_tara	ERR599127	5.96778639004244	2011-12-03T14:31:20	TARA_137	14.2025	-116.6433	mesopelagic zone (ENVO:00000213)	370	379	0.22-3 um	ERR599127	374.5	2011-12-03	5.81194640914112	-0.453990499739547	0.891006524188368	North Pacific Ocean	6.21675830881624	26946	0.526183493925429
_tara	ERR599128	5.82702625954716	2011-04-22T12:08:28	TARA_102	-5.261	-85.1678	mesopelagic zone (ENVO:00000213) and marine oxygen minimum zone (ENVO:01000065)	480	480	0.22-3 um	ERR599128	480	2011-04-22	1.95476876223365	-0.927183854566787	0.374606593415912	South Pacific Ocean	6.03806769175195	33914	0.563793103448276
_tara	ERR599129	5.7599263363643	2010-09-14T06:55	TARA_068	-31.0266	4.665	surface water layer (ENVO:00002042)	3	7	0.22-3 um	ERR599129	5	2010-09-14	4.4331363000656	0.961261695938319	0.275637355816999	Indian Ocean	5.95509819626963	20940	0.589399744572158
_tara	ERR599130	5.63210437074091	2010-04-04T09:50	TARA_042	5.9998	73.9067	deep chlorophyll maximum layer (ENVO:xxxxxxxx)	78	82	0.22-1.6 um	ERR599130	80	2010-04-04	1.64060949687467	0.997564050259824	-0.0697564737441253	Indian Ocean	5.75691243643342	80409	0.615021627998427
_tara	ERR599131	6.04437957788856	2010-09-13T13:02:33	TARA_068	-31.0198	4.6685	mesopelagic zone (ENVO:00000213)	696	705	0.22-3 um	ERR599131	700.5	2010-09-13	4.41568300754565	0.956304755963035	0.292371704722737	Indian Ocean	6.27824169306923	18052	0.543324250681199
_tara	ERR599132	5.87334870815744	2011-04-22T12:08:28	TARA_102	-5.261	-85.1678	mesopelagic zone (ENVO:00000213) and marine oxygen minimum zone (ENVO:01000065)	480	480	0.22-3 um	ERR599132	480	2011-04-22	1.95476876223365	-0.927183854566787	0.374606593415912	South Pacific Ocean	6.03772550380228	77913	0.568714752151974
_tara	ERR599133	6.04753460075351	2010-10-05T15:35	TARA_072	-8.7296	-17.9604	deep chlorophyll maximum layer (ENVO:xxxxxxxx)	98	102	0.22-3 um	ERR599133	100	2010-10-05	4.79965544298441	0.996194698091746	-0.0871557427476579	Indian Ocean	6.19669827373252	80876	0.604699583581202
_tara	ERR599134	5.4645141811264	2010-01-13T07:16	TARA_033	21.9467	38.2517	surface water layer (ENVO:00002042)	3	7	0.22-1.6 um	ERR599134	5	2010-01-13	0.226892802759263	0.224951054343865	0.974370064785235	Red Sea	5.6287027239698	32467	0.605745721271394
_tara	ERR599135	5.91684678271307	2010-09-21T06:55	TARA_070	-20.4091	-3.1759	surface water layer (ENVO:00002042)	3	7	0.22-3 um	ERR599135	5	2010-09-21	4.5553093477052	0.987688340595138	0.156434465040231	Indian Ocean	6.12545147134225	15765	0.58993288590604
_tara	ERR599136	5.82002590978778	2012-01-09T13:41	TARA_142	25.5264	-88.394	surface water layer (ENVO:00002042)	3	7	0.22-3 um	ERR599136	5	2012-01-09	0.15707963267949	0.156434465040231	0.987688340595138	North Atlantic Ocean	5.94173643525121	108423	0.586249612883246
_tara	ERR599137	6.05169488774531	2010-10-05T15:35	TARA_072	-8.7296	-17.9604	deep chlorophyll maximum layer (ENVO:xxxxxxxx)	98	102	0.22-3 um	ERR599137	100	2010-10-05	4.79965544298441	0.996194698091746	-0.0871557427476579	Indian Ocean	6.24995654403554	35368	0.578411405295316
_tara	ERR599138	5.11704241717258	2010-04-19T07:56	TARA_048	-9.3921	66.4228	surface water layer (ENVO:00002042)	3	7	0.22-1.6 um	ERR599138	5	2010-04-19	1.90240888467382	-0.945518575599317	0.325568154457156	Indian Ocean	5.21077767866306	124869	0.611319184352892
_tara	ERR599139	5.22834474905218	2010-05-17T04:10	TARA_052	-16.957	53.9801	surface water layer (ENVO:00002042)	3	7	0.22-1.6 um	ERR599139	5	2010-05-17	2.39110107523223	-0.681998360062498	0.73135370161917	Indian Ocean	5.32540789180253	123760	0.620838229533882
_tara	ERR599140	5.66640227466115	2009-11-02T08:13	TARA_018	35.759	14.2574	surface water layer (ENVO:00002042)	3	7	0.22-1.6 um	ERR599140	5	2009-11-02	5.27089434102288	-0.848048096156426	0.529919264233205	Mediterranean Sea	5.8755880608669	18621	0.597979797979798
_tara	ERR599141	5.45967146313956	2010-04-04T02:47	TARA_042	6.0001	73.8955	surface water layer (ENVO:00002042)	3	7	0.22-1.6 um	ERR599141	5	2010-04-04	1.64060949687467	0.997564050259824	-0.0697564737441253	Indian Ocean	5.66970719872484	21457	0.563119629874422
_tara	ERR599142	5.37987264749071	2011-10-04T17:46	TARA_132	31.5213	-158.9958	surface water layer (ENVO:00002042)	3	7	0.22-3 um	ERR599142	5	2011-10-04	4.78220215046446	-0.997564050259824	0.0697564737441252	North Pacific Ocean	5.48181601097654	120057	0.598210957882967
_tara	ERR599143	5.44449965727456	2010-03-12T06:06	TARA_036	20.8183	63.5047	surface water layer (ENVO:00002042)	3	7	0.22-1.6 um	ERR599143	5	2010-03-12	1.25663706143592	0.951056516295154	0.309016994374947	Indian Ocean	5.57654258099048	45745	0.619075482738443
_tara	ERR599144	6.22812573227315	2010-09-07T06:19	TARA_067	-32.2401	17.7103	surface water layer (ENVO:00002042)	3	7	0.22-3 um	ERR599144	5	2010-09-07	4.31096325242599	0.92050485345244	0.390731128489275	Indian Ocean	6.42722603715386	21354	0.590486039296794
_tara	ERR599145	5.42763079822126	2010-03-18T11:33	TARA_039	18.5839	66.4727	deep chlorophyll maximum layer (ENVO:xxxxxxxx)	23	27	0.22-1.6 um	ERR599145	25	2010-03-18	1.36135681655558	0.978147600733806	0.207911690817759	Indian Ocean	5.54237554960947	87078	0.611877875365956
_tara	ERR599146	5.82294122720855	2010-07-12T05:59	TARA_065	-35.1728	26.2868	surface water layer (ENVO:00002042)	3	7	0.22-3 um	ERR599146	5	2010-07-12	3.35103216382911	0.207911690817759	0.978147600733806	Indian Ocean	5.95294973651486	60653	0.627553237722729
_tara	ERR599147	5.7457859201386	2011-12-02T20:42	TARA_137	14.2075	-116.6468	deep chlorophyll maximum layer (ENVO:xxxxxxxx)	38	42	0.22-3 um	ERR599147	40	2011-12-02	5.79449311662117	-0.469471562785892	0.882947592858927	North Pacific Ocean	5.95293820129749	26429	0.549114331723027
_tara	ERR599148	6.27921021106774	2010-10-16T16:58:37	TARA_076	-21.0292	-35.3498	deep chlorophyll maximum layer (ENVO:xxxxxxxx)	150	150	0.22-3 um	ERR599148	150	2010-10-16	4.99164166070378	0.961261695938319	-0.275637355816999	South Atlantic Ocean	6.45790112553897	58323	0.601832692876145
_tara	ERR599149	5.60948129427405	2010-09-21T11:57:54	TARA_070	-20.4075	-3.1641	mesopelagic zone (ENVO:00000213)	785	812	0.22-3 um	ERR599149	798.5	2010-09-21	4.5553093477052	0.987688340595138	0.156434465040231	Indian Ocean	5.85418482215283	27172	0.539517274017984
_tara	ERR599150	5.44491794680387	2010-07-07T04:48	TARA_064	-29.5019	37.9889	surface water layer (ENVO:00002042)	3	7	0.22-3 um	ERR599150	5	2010-07-07	3.2637657012294	0.121869343405147	0.992546151641322	Indian Ocean	5.5262061498089	157383	0.629241877256318
_tara	ERR599151	5.67356211815467	2011-08-04T18:33	TARA_124	-9.1504	-140.5216	surface water layer (ENVO:00002042)	3	7	0.22-3 um	ERR599151	5	2011-08-04	3.73500459926787	0.559192903470747	0.829037572555042	South Pacific Ocean	5.82967260577241	36060	0.602785515320334
_tara	ERR599152	5.94560078866561	2011-12-03T14:31:20	TARA_137	14.2025	-116.6433	mesopelagic zone (ENVO:00000213)	370	379	0.22-3 um	ERR599152	374.5	2011-12-03	5.81194640914112	-0.453990499739547	0.891006524188368	North Pacific Ocean	6.20072074378962	26951	0.503319502074689
_tara	ERR599153	5.89450013647881	2009-11-23T13:52	TARA_025	39.3991	19.3997	deep chlorophyll maximum layer (ENVO:xxxxxxxx)	48	52	0.22-1.6 um	ERR599153	50	2009-11-23	5.63741348394168	-0.601815023152048	0.798635510047293	Mediterranean Sea	6.11344276908206	18972	0.58396723229959
_tara	ERR599154	6.13769813237518	2010-10-17T09:05:05	TARA_076	-20.9315	-35.1794	mesopelagic zone (ENVO:00000213)	800	800	0.22-3 um	ERR599154	800	2010-10-17	5.00909495322373	0.956304755963035	-0.292371704722737	South Atlantic Ocean	6.41759031255483	15357	0.510659395141299
_tara	ERR599155	5.11910821260921	2010-01-11T07:21	TARA_032	23.36	37.2183	surface water layer (ENVO:00002042)	3	7	0.22-1.6 um	ERR599155	5	2010-01-11	0.191986217719376	0.190808995376545	0.981627183447664	Red Sea	5.35497144415024	11605	0.579624134520277
_tara	ERR599156	6.07184618987474	2011-08-09T17:05:33	TARA_125	-8.8999	-142.5461	marine epipelagic mixed layer (ENVO:xxxxxxxxx)	140	140	0.22-3 um	ERR599156	140	2011-08-09	3.82227106186758	0.629320391049838	0.777145961456971	South Pacific Ocean	6.23618831291256	116902	0.595913261050876
_tara	ERR599157	6.06205413402097	2011-08-01T17:52:45	TARA_123	-8.9109	-140.2845	marine epipelagic mixed layer (ENVO:xxxxxxxxx)	150	150	0.22-3 um	ERR599157	150	2011-08-01	3.68264472170804	0.515038074910054	0.857167300702112	South Pacific Ocean	6.28199453527579	26607	0.563644484144707
_tara	ERR599158	5.39707336798299	2010-03-15T03:35	TARA_038	19.0393	64.4913	surface water layer (ENVO:00002042)	3	7	0.22-1.6 um	ERR599158	5	2010-03-15	1.30899693899575	0.965925826289068	0.258819045102521	Indian Ocean	5.56367426758338	22519	0.630757220921155
_tara	ERR599159	6.31037655862628	2010-11-05T12:33:27	TARA_078	-30.1471	-43.2915	mesopelagic zone (ENVO:00000213)	800	800	0.22-3 um	ERR599159	800	2010-11-05	5.32325421858271	0.819152044288992	-0.573576436351046	South Atlantic Ocean	6.50717113383577	91784	0.58389394538979
_tara	ERR599160	6.01186397662101	2011-07-31T17:20	TARA_123	-8.9068	-140.283	surface water layer (ENVO:00002042)	3	7	0.22-3 um	ERR599160	5	2011-07-31	3.68264472170804	0.515038074910054	0.857167300702112	South Pacific Ocean	6.14687248930393	98204	0.587640773895466
_tara	ERR599161	6.08794134304147	2011-08-05T17:31:19	TARA_124	-9.0714	-140.5973	marine epipelagic mixed layer (ENVO:xxxxxxxxx)	120	120	0.22-3 um	ERR599161	120	2011-08-05	3.75245789178781	0.573576436351046	0.819152044288992	South Pacific Ocean	6.27851627689573	31768	0.592461197339246
_tara	ERR599162	5.75317894846551	2011-12-21T16:20	TARA_140	7.4122	-79.3017	surface water layer (ENVO:00002042)	3	7	0.22-3 um	ERR599162	5	2011-12-21	6.1261056745001	-0.156434465040232	0.987688340595138	North Pacific Ocean	5.87213029832756	116265	0.609535304767652
_tara	ERR599163	5.71550555462148	2011-04-15T12:45	TARA_100	-13.0023	-95.9759	surface water layer (ENVO:00002042)	3	7	0.22-3 um	ERR599163	5	2011-04-15	1.83259571459405	-0.965925826289068	0.258819045102521	South Pacific Ocean	5.82496625995001	79886	0.631761142362614
_tara	ERR599164	6.07946258142936	2010-07-07T12:13:35	TARA_064	-29.5046	37.9599	mesopelagic zone (ENVO:00000213)	1000	1000	0.22-3 um	ERR599164	1000	2010-07-07	3.2637657012294	0.121869343405147	0.992546151641322	Indian Ocean	6.29745149822086	40726	0.540130899069928
_tara	ERR599165	5.94733762641962	2010-09-21T06:55	TARA_070	-20.4091	-3.1759	surface water layer (ENVO:00002042)	3	7	0.22-3 um	ERR599165	5	2010-09-21	4.5553093477052	0.987688340595138	0.156434465040231	Indian Ocean	6.11630862579835	33084	0.603214465092918
_tara	ERR599166	6.22059707953715	2012-02-02T18:36:58	TARA_145	39.2392	-70.0343	mesopelagic zone (ENVO:00000213) and marine oxygen minimum zone (ENVO:01000065)	582	600	0.22-3 um	ERR599166	591	2012-02-02	0.558505360638186	0.529919264233205	0.848048096156426	North Atlantic Ocean	6.3965533263347	96221	0.57152216641188
_tara	ERR599167	5.65534196913804	2010-03-16T06:13:30	TARA_038	19.0351	64.5638	mesopelagic zone (ENVO:00000213) and marine oxygen minimum zone (ENVO:01000065)	332	350	0.22-1.6 um	ERR599167	341	2010-03-16	1.32645023151569	0.970295726275996	0.241921895599668	Indian Ocean	5.85530927200894	47654	0.536204268292683
_tara	ERR599168	5.81044060898139	2011-04-22T21:13	TARA_102	-5.2669	-85.2732	deep chlorophyll maximum layer (ENVO:xxxxxxxx)	38	42	0.22-3 um	ERR599168	40	2011-04-22	1.95476876223365	-0.927183854566787	0.374606593415912	South Pacific Ocean	5.99680605690967	24767	0.600234466588511
_tara	ERR599169	5.70538842964079	2011-04-15T12:45	TARA_100	-13.0023	-95.9759	surface water layer (ENVO:00002042)	3	7	0.22-3 um	ERR599169	5	2011-04-15	1.83259571459405	-0.965925826289068	0.258819045102521	South Pacific Ocean	5.86387545168232	30322	0.602209944751381
_tara	ERR599170	5.85020634025822	2012-03-05T09:25	TARA_150	35.9346	-37.3032	surface water layer (ENVO:00002042)	3	7	0.22-3 um	ERR599170	5	2012-03-05	1.13446401379631	0.90630778703665	0.4226182617407	North Atlantic Ocean	5.94613791673819	119374	0.641326883206634
_tara	ERR599171	5.77126653248717	2010-09-14T06:55	TARA_068	-31.0266	4.665	surface water layer (ENVO:00002042)	3	7	0.22-3 um	ERR599171	5	2010-09-14	4.4331363000656	0.961261695938319	0.275637355816999	Indian Ocean	5.96724484258266	21732	0.587833643699565
_tara	ERR599172	5.6103067940427	2010-03-20T08:15:28	TARA_039	18.7341	66.3896	mesopelagic zone (ENVO:00000213) and marine oxygen minimum zone (ENVO:01000065)	262	280	0.22-1.6 um	ERR599172	271	2010-03-20	1.39626340159546	0.984807753012208	0.17364817766693	Indian Ocean	5.87135819559697	19698	0.513135830072666
_tara	ERR599173	5.95516218449382	2010-07-15T12:22	TARA_066	-34.9449	17.9189	surface water layer (ENVO:00002042)	3	7	0.22-3 um	ERR599173	5	2010-07-15	3.40339204138894	0.258819045102521	0.965925826289068	Indian Ocean	6.1059419114499	45909	0.634114007954043
_tara	ERR599174	5.82404757972555	2010-09-14T06:55	TARA_068	-31.0266	4.665	surface water layer (ENVO:00002042)	3	7	0.22-3 um	ERR599174	5	2010-09-14	4.4331363000656	0.961261695938319	0.275637355816999	Indian Ocean	5.99057921425672	42936	0.601433049708912
_tara	ERR599175	6.07308683685198	2011-12-11T20:37:22	TARA_138	6.3559	-103.0598	mesopelagic zone (ENVO:00000213)	440	458	0.22-3 um	ERR599175	449	2011-12-11	5.95157274930066	-0.325568154457157	0.945518575599317	North Pacific Ocean	6.32986399346827	22616	0.522100656455142
_tara	ERR599176	4.58815158174574	2011-01-06T10:38	TARA_085	-62.0385	-49.529	surface water layer (ENVO:00002042)	3	7	0.22-3 um	ERR599176	5	2011-01-06	0.10471975511966	-0.104528463267653	-0.994521895368273	Southern Ocean	4.72142053339566	35594	0.587131367292225
